code,date,gap_rate,rise_2to1,rise_1to0,target_price,stop_price,reached,stopped,days_to_reach,min_low_pct,ma_arr,total_range,prev_range,high_pt,low_pt,cond1_hit,cond2_hit,cond3_hit,strategy_full
000050,20251212,16.06,14.93,29.99,15220,5475,False,False,,-17.19,MA5>MA20>MA120>MA40>MA60,3690,1680,12690,6520,False,False,False,False
000155,20251111,5.03,2.39,10.95,688000,508500,False,True,,-15.38,MA5>MA20>MA40>MA60>MA120,73000,30000,648000,535000,False,False,False,False
000157,20251103,4.05,-1.62,15.66,636000,410250,False,False,,-10.53,MA5>MA20>MA120>MA40>MA60,78500,38000,566000,478500,True,False,False,False
000157,20251111,3.89,5.33,6.81,646000,462750,False,True,,-15.64,MA5>MA20>MA40>MA120>MA60,57500,38000,587000,488000,False,False,False,False
000230,20251113,4.21,5.33,6.35,21490,12510,False,True,,-14.44,MA5>MA20>MA40>MA60>MA120,1600,1980,16890,14070,True,False,False,False
000230,20251211,3.34,5.8,17.12,21110,11570,False,False,,-8.82,MA20>MA5>MA40>MA60>MA120,2820,1600,17400,13750,True,False,False,False
000270,20251016,5.3,1.27,7.23,111800,97500,True,False,1.0,0.73,MA5>MA40>MA60>MA20>MA120,9200,2000,113300,98000,False,False,False,False
000270,20260114,2.65,5.18,5.15,159700,124550,True,False,3.0,1.29,MA5>MA20>MA40>MA60>MA120,12300,6700,149700,130900,False,False,False,False
000320,20260123,3.45,1.25,5.91,22280,19325,True,False,8.0,-4.05,MA120>MA60>MA40>MA20>MA5,1450,460,21960,19610,False,False,False,False
000370,20260204,3.49,7.69,5.08,7420,5630,True,False,4.0,-8.9,MA5>MA20>MA40>MA120>MA60,660,340,6960,6010,False,False,False,False
000390,20251218,4.75,1.84,30.0,8090,5155,True,False,1.0,34.43,MA5>MA120>MA20>MA60>MA40,1850,150,8080,6020,False,False,False,False
000500,20251030,4.07,10.43,7.56,102800,57950,False,False,,-9.64,MA5>MA120>MA60>MA40>MA20,10700,9500,83500,68300,True,False,False,False
000520,20260126,2.13,2.88,6.95,10360,8250,True,False,4.0,1.87,MA120>MA60>MA40>MA20>MA5,860,320,9860,8570,False,False,False,False
000650,20251119,5.68,2.02,29.99,49900,30825,True,False,1.0,59.75,MA120>MA5>MA60>MA40>MA20,12250,950,50150,34850,False,False,False,False
000650,20251203,23.78,29.81,29.97,509000,184500,True,False,1.0,-2.89,MA5>MA20>MA40>MA60>MA120,143000,61000,460000,219500,False,False,False,False
000720,20251203,3.49,2.81,6.98,77700,60900,True,False,3.0,-1.61,MA5>MA120>MA20>MA40>MA60,6400,3000,73500,65400,False,False,False,False
000725,20251029,2.71,0.51,3.05,70300,58050,False,True,,-6.92,MA5>MA120>MA60>MA40>MA20,1900,3400,64300,62300,False,False,False,False
000725,20260119,2.49,2.72,5.76,75900,59800,False,False,,-8.81,MA5>MA20>MA40>MA60>MA120,5400,3000,70900,63100,False,False,False,False
000860,20260102,2.33,1.98,7.86,14900,11985,True,False,4.0,-1.37,MA5>MA20>MA40>MA60>MA120,1250,400,14260,12470,False,False,False,False
000950,20251212,3.34,8.45,6.8,54200,34200,False,False,,-16.63,MA5>MA20>MA60>MA40>MA120,6000,3950,47150,37750,True,False,False,False
001270,20260115,3.74,6.33,7.14,78100,51750,True,False,13.0,-4.1,MA60>MA120>MA40>MA20>MA5,7500,5300,68300,55700,False,False,False,False
001340,20260120,2.85,6.64,3.56,6660,5355,True,False,11.0,-3.11,MA120>MA60>MA40>MA20>MA5,310,300,6120,5720,False,False,False,False
001360,20251208,10.34,1.49,29.99,1726,1130,True,False,1.0,26.64,MA120>MA60>MA40>MA5>MA20,429,30,1803,1287,False,False,False,False
001390,20251113,3.68,1.57,9.3,5940,4755,True,False,1.0,2.24,MA5>MA20>MA40>MA60>MA120,590,160,5800,4990,False,False,False,False
001440,20251028,3.9,1.66,5.33,22220,18335,True,False,3.0,2.03,MA5>MA20>MA40>MA60>MA120,1090,800,20770,19350,False,False,False,False
001440,20251029,3.66,5.33,8.66,25770,18700,True,False,4.0,-2.9,MA5>MA20>MA40>MA60>MA120,2000,1390,23090,20690,False,False,False,False
001440,20260130,3.53,4.81,3.89,37350,25500,True,False,17.0,-10.07,MA5>MA20>MA40>MA60>MA120,2600,2750,32150,27850,True,True,False,False
001460,20251031,3.04,0.0,3.59,38650,35400,True,False,1.0,0.27,MA60>MA40>MA120>MA20>MA5,1400,650,38150,36250,False,False,False,False
001460,20260204,2.47,6.59,10.12,58450,38000,True,False,1.0,7.79,MA5>MA40>MA20>MA60>MA120,7300,3350,52300,42650,False,False,False,False
001720,20260115,2.55,8.02,6.72,193200,122700,True,False,13.0,0.21,MA60>MA40>MA120>MA20>MA5,18800,14500,165400,134300,False,False,False,False
001780,20251222,3.09,7.51,5.94,3010,2020,False,True,,-7.37,MA120>MA5>MA60>MA40>MA20,140,225,2455,2255,True,True,False,False
002020,20260123,2.13,2.89,10.33,54650,40825,True,False,3.0,7.25,MA40>MA60>MA120>MA20>MA5,5550,2000,51150,44050,False,False,False,False
002020,20260203,2.41,3.15,12.2,90600,52200,False,True,,-18.65,MA5>MA60>MA40>MA20>MA120,11800,6700,76600,61500,False,False,False,False
002350,20251112,3.49,-0.27,4.69,8240,7000,False,True,,-10.23,MA5>MA20>MA40>MA120>MA60,540,220,8030,7150,False,False,False,False
002780,20260203,2.37,0.15,17.6,1020,615,False,False,,-1.59,MA40>MA120>MA20>MA5>MA60,120,63,858,731,True,False,False,False
002790,20251110,3.38,6.4,4.89,36600,24600,False,False,,-4.36,MA120>MA60>MA40>MA5>MA20,2200,2750,30650,27300,False,False,False,False
002900,20251017,4.24,1.37,4.92,6610,5725,False,True,,-8.46,MA40>MA5>MA20>MA60>MA120,310,200,6390,5950,False,False,False,False
003060,20251113,2.61,1.59,7.48,719,540,False,True,,-8.98,MA120>MA60>MA40>MA5>MA20,52,32,650,590,False,False,False,False
003240,20260123,3.29,1.33,6.71,844000,707500,True,False,5.0,0.64,MA120>MA60>MA40>MA5>MA20,69000,19000,830000,719000,False,False,False,False
003530,20260126,2.94,10.79,3.49,7290,4662,True,False,14.0,2.32,MA120>MA5>MA60>MA20>MA40,645,570,6200,5170,False,False,False,False
003530,20260127,4.09,3.49,7.1,6940,5385,True,False,5.0,0.17,MA5>MA120>MA20>MA60>MA40,430,350,6380,5820,False,False,False,False
003570,20260109,3.51,6.1,6.43,61000,45975,False,False,,-11.86,MA120>MA5>MA60>MA20>MA40,5750,2700,57300,48500,False,False,False,False
003580,20260102,2.16,6.67,4.74,2980,2048,False,False,,-8.02,MA120>MA5>MA40>MA20>MA60,255,190,2620,2200,False,False,False,False
003720,20251117,4.29,12.64,6.93,11280,4575,False,False,,-8.39,MA5>MA20>MA60>MA40>MA120,1270,1490,7970,5760,False,False,False,False
004020,20260123,2.06,7.96,3.1,50200,30450,False,True,,-14.88,MA5>MA120>MA60>MA20>MA40,3000,4550,39500,34900,True,False,False,False
004090,20260130,4.08,4.11,6.76,17750,13625,True,False,12.0,-9.71,MA5>MA20>MA40>MA60>MA120,1550,750,16700,14550,False,False,False,False
004310,20251205,7.83,6.57,29.91,5700,2930,True,False,1.0,36.43,MA5>MA60>MA120>MA20>MA40,1420,300,5360,3530,False,False,False,False
004310,20251208,14.43,29.91,29.84,8870,3015,True,False,13.0,0.35,MA5>MA20>MA60>MA120>MA40,2370,1010,7580,3680,False,False,False,False
004310,20260116,7.29,29.89,24.91,20190,5645,False,False,,-5.83,MA5>MA20>MA40>MA60>MA120,5030,2590,15780,7610,False,False,False,False
004800,20251027,2.81,5.57,5.1,134200,103700,True,False,5.0,-0.26,MA5>MA20>MA40>MA60>MA120,10600,5900,125500,107900,False,False,False,False
004800,20251103,5.68,2.67,28.18,175500,106450,False,False,,-16.36,MA5>MA20>MA40>MA60>MA120,37300,5900,168300,123500,True,False,False,False
004800,20251111,8.92,8.81,12.77,188800,119600,False,True,,-29.43,MA5>MA20>MA40>MA60>MA120,29800,12200,176500,128100,False,False,False,False
004920,20260105,2.07,8.61,24.55,1714,880,False,False,,-10.13,MA120>MA60>MA5>MA40>MA20,377,97,1543,1070,False,False,False,False
004960,20251204,5.88,30.0,9.86,19200,6680,False,False,,-15.73,MA5>MA20>MA120>MA40>MA60,3640,2570,14710,8400,False,False,False,False
004960,20251212,2.55,13.35,5.01,17850,9220,False,False,,-19.28,MA5>MA20>MA40>MA60>MA120,1820,1890,13840,10640,True,False,False,False
004990,20260123,2.42,0.17,4.67,31700,27775,True,False,2.0,-1.35,MA5>MA120>MA60>MA40>MA20,1650,650,30900,28350,False,False,False,False
005070,20251022,2.64,13.15,2.82,102250,46100,False,False,,-18.87,MA5>MA20>MA40>MA60>MA120,8200,13250,71650,57850,True,False,False,False
005090,20260204,8.6,3.76,17.65,33400,19250,True,False,6.0,6.25,MA120>MA60>MA5>MA40>MA20,4500,2600,28600,22250,False,False,False,False
005380,20251016,6.04,0.22,8.28,241000,213500,True,False,1.0,1.05,MA5>MA40>MA20>MA60>MA120,19000,4000,246000,216000,False,False,False,False
005385,20251016,3.65,0.59,5.77,179300,163400,True,False,1.0,0.85,MA5>MA40>MA20>MA60>MA120,10800,1900,181500,164000,False,False,False,False
005387,20251016,3.57,0.29,5.56,178300,165450,True,False,1.0,0.9,MA5>MA40>MA60>MA20>MA120,9900,1200,181500,166100,False,False,False,False
005389,20251016,2.91,0.84,5.99,180250,161450,True,False,2.0,1.9,MA5>MA40>MA20>MA60>MA120,11500,2050,180750,162950,False,False,False,False
005420,20251017,4.69,9.67,6.44,24370,14865,False,False,,-6.91,MA5>MA60>MA40>MA20>MA120,2650,1980,20820,16440,False,False,False,False
005690,20251024,2.33,5.9,4.51,18920,12580,True,False,9.0,2.75,MA5>MA20>MA60>MA40>MA120,1500,1370,16200,13820,False,False,False,False
005750,20260203,3.51,1.4,12.25,5735,4228,True,False,5.0,5.56,MA40>MA60>MA5>MA20>MA120,695,190,5460,4515,False,False,False,False
005800,20251022,2.98,5.03,4.93,16710,12435,False,False,,-8.32,MA40>MA20>MA60>MA5>MA120,1350,840,15300,13560,False,False,False,False
005800,20260204,2.44,6.67,7.08,24570,14645,False,False,,-13.25,MA5>MA40>MA60>MA20>MA120,2230,2010,20000,16870,True,False,False,False
005850,20260116,2.23,1.29,6.04,57050,44000,True,False,3.0,0.0,MA5>MA20>MA40>MA60>MA120,4000,2400,52400,47650,False,False,False,False
005930,20260105,4.75,7.17,7.47,156900,111250,True,False,13.0,-1.41,MA5>MA20>MA40>MA60>MA120,17900,8300,146400,115100,False,False,False,False
005935,20260105,3.28,5.83,8.05,114500,82800,True,False,13.0,-0.31,MA5>MA20>MA40>MA60>MA120,12800,5200,107200,86300,False,False,False,False
005950,20251017,2.35,2.98,5.79,6210,5145,True,False,3.0,0.35,MA60>MA120>MA40>MA20>MA5,470,160,6010,5310,False,False,False,False
005950,20251023,23.18,29.95,29.93,9920,5625,True,False,1.0,23.66,MA5>MA60>MA120>MA20>MA40,2790,620,10430,5610,False,False,False,False
005950,20251024,22.22,29.93,26.4,12500,7750,True,False,2.0,-10.51,MA5>MA20>MA60>MA40>MA120,3100,760,13160,7860,False,False,False,False
005950,20251208,2.05,0.76,9.5,11410,8730,False,True,,-7.83,MA20>MA5>MA40>MA60>MA120,940,410,10550,9550,True,False,False,False
006040,20251024,5.0,2.92,7.5,50900,40700,True,False,1.0,4.33,MA120>MA60>MA40>MA20>MA5,4400,1900,49200,42100,False,False,False,False
006040,20251027,2.54,7.5,5.71,60700,44300,False,False,,-8.25,MA120>MA5>MA60>MA40>MA20,3800,3400,53400,47600,True,False,False,False
006110,20251210,5.34,-0.98,7.91,31300,24150,False,True,,-12.2,MA5>MA40>MA20>MA60>MA120,2100,1450,28750,25850,True,False,False,False
006110,20260129,4.93,4.07,5.78,34400,27950,True,False,1.0,8.75,MA5>MA40>MA20>MA60>MA120,2100,1500,32600,31500,False,False,False,False
006120,20251027,2.78,2.86,7.04,61600,51200,True,False,2.0,1.98,MA5>MA60>MA40>MA20>MA120,4400,1700,59500,53300,False,False,False,False
006280,20251211,4.44,1.05,11.84,153400,125600,True,False,1.0,3.12,MA5>MA20>MA120>MA40>MA60,17000,2600,153700,129800,False,False,False,False
006340,20251030,2.41,11.37,3.26,4875,2988,False,False,,-9.0,MA5>MA20>MA40>MA60>MA120,435,410,4050,3310,False,False,False,False
006400,20260122,2.78,-0.61,18.67,427500,281750,False,False,,6.76,MA5>MA60>MA40>MA20>MA120,68500,16500,401000,323000,False,False,False,False
006490,20251223,2.67,9.05,18.14,1058,570,False,True,,-24.66,MA120>MA40>MA60>MA20>MA5,180,74,914,664,True,False,False,False
006490,20260107,7.35,29.96,8.07,1206,416,False,False,,-17.32,MA120>MA60>MA40>MA20>MA5,223,169,919,527,False,False,False,False
006650,20251112,2.19,-0.29,15.84,172400,123600,False,False,,-4.29,MA5>MA20>MA40>MA60>MA120,23400,4600,163300,138000,False,False,False,False
006800,20251027,4.12,5.88,6.17,28650,22725,False,True,,-12.65,MA5>MA20>MA40>MA60>MA120,2050,1150,26950,23750,False,False,False,False
006805,20251219,2.14,4.97,3.39,15210,10320,True,False,2.0,1.22,MA5>MA40>MA20>MA60>MA120,840,1110,12690,11410,False,False,False,False
007070,20251107,2.65,3.12,8.98,23290,17390,False,False,,4.16,MA5>MA20>MA40>MA60>MA120,1840,1110,21260,18870,False,False,False,False
007690,20260128,3.66,1.86,6.33,40850,33750,True,False,17.0,-3.93,MA5>MA120>MA20>MA40>MA60,2700,1350,39150,35250,False,False,False,False
007810,20251111,2.52,2.83,9.63,29920,19325,True,False,2.0,1.57,MA5>MA20>MA40>MA60>MA120,3050,2140,26040,21840,False,False,False,False
007980,20251114,2.52,2.7,4.82,2009,1677,True,False,1.0,2.4,MA60>MA5>MA40>MA20>MA120,130,59,1931,1763,False,False,False,False
008970,20260115,3.84,0.47,4.25,1844,1645,True,False,3.0,-3.81,MA120>MA60>MA40>MA20>MA5,80,44,1809,1709,False,False,False,False
009070,20260204,4.22,8.01,16.13,10110,5740,False,True,,-23.29,MA5>MA20>MA40>MA60>MA120,1500,730,8720,6690,False,False,False,False
009420,20251201,2.67,4.0,17.95,63950,40950,False,True,,-14.98,MA5>MA20>MA40>MA60>MA120,9500,3050,58250,47150,False,False,False,False
009470,20260122,6.86,28.59,11.18,73250,23875,False,False,,-8.44,MA5>MA120>MA60>MA20>MA40,13250,10600,54350,31200,False,False,False,False
009830,20260123,2.14,3.12,5.69,32150,26250,True,False,8.0,-8.19,MA120>MA5>MA60>MA20>MA40,2300,950,30650,27100,False,False,False,False
009835,20260115,2.49,3.76,3.17,27650,20550,False,True,,-9.71,MA120>MA60>MA5>MA20>MA40,1500,1600,24400,22050,True,False,False,False
009970,20260121,2.65,-0.16,4.81,209200,178400,True,False,7.0,-2.32,MA20>MA40>MA5>MA60>MA120,10400,5400,199400,188500,False,False,False,False
010100,20251204,2.04,3.16,3.83,4470,3680,True,False,1.0,-0.5,MA120>MA60>MA5>MA40>MA20,260,150,4220,3820,False,False,False,False
010100,20260112,3.06,9.87,9.39,7570,4010,True,False,8.0,1.98,MA5>MA20>MA40>MA120>MA60,900,720,6080,4665,False,False,False,False
010120,20251023,5.01,2.73,14.87,413500,287500,True,False,4.0,6.71,MA5>MA20>MA60>MA40>MA120,53000,18500,385500,316000,False,False,False,False
010120,20260128,4.28,7.19,6.52,783500,468500,True,False,18.0,-6.96,MA5>MA20>MA40>MA60>MA120,69000,71500,643500,540500,False,False,False,False
010130,20260113,3.23,5.78,10.1,1660000,1073500,True,False,4.0,1.12,MA20>MA40>MA60>MA5>MA120,171000,107000,1437000,1225000,False,False,False,False
010140,20251024,2.3,-0.83,3.77,26800,23150,True,False,1.0,5.32,MA5>MA20>MA40>MA60>MA120,1100,750,25550,23950,False,False,False,False
010140,20251027,4.44,3.77,17.34,32400,22125,True,False,3.0,11.97,MA5>MA20>MA40>MA60>MA120,4650,1250,30350,24400,False,False,False,False
010690,20260116,2.59,-0.7,13.66,9980,7805,True,False,1.0,8.5,MA5>MA120>MA20>MA40>MA60,1230,180,9830,8370,False,False,False,False
010820,20260120,4.4,12.42,9.24,6795,3555,True,False,20.0,-7.99,MA120>MA5>MA60>MA20>MA40,860,650,5495,4175,False,False,False,False
011210,20251022,2.51,3.92,4.13,66500,52300,False,False,,-6.3,MA5>MA40>MA60>MA20>MA120,3800,2900,60900,55700,False,False,False,False
011210,20251128,2.21,0.0,5.6,64200,56800,True,False,3.0,-1.99,MA5>MA20>MA40>MA60>MA120,3600,1000,63200,58400,False,False,False,False
011210,20251204,2.36,2.92,5.83,73500,60900,True,False,9.0,-0.92,MA5>MA20>MA40>MA60>MA120,4200,2300,69500,64500,False,False,False,False
011500,20251017,3.26,3.8,5.2,16920,13825,True,False,5.0,-3.77,MA5>MA120>MA60>MA40>MA20,1310,540,16330,14390,False,False,False,False
011500,20260122,4.66,2.33,29.83,26080,13640,True,False,2.0,22.42,MA5>MA20>MA60>MA40>MA120,6140,1340,24190,16660,False,False,False,False
011690,20251204,6.3,14.89,11.23,6005,3102,False,False,,-13.12,MA5>MA120>MA60>MA40>MA20,935,585,5090,3575,False,False,False,False
012200,20251218,3.18,1.36,29.94,2198,1298,True,False,1.0,57.41,MA5>MA20>MA40>MA120>MA60,495,67,2107,1537,False,False,False,False
012200,20251219,26.47,29.94,29.9,3370,1105,True,False,1.0,16.28,MA5>MA20>MA40>MA120>MA60,1030,420,3070,1110,False,False,False,False
012200,20251222,23.4,29.9,30.0,3125,2148,True,False,1.0,36.85,MA5>MA20>MA40>MA60>MA120,865,100,3545,2260,False,False,False,False
012610,20251208,2.13,1.16,7.06,3595,2885,True,False,1.0,3.7,MA120>MA5>MA60>MA40>MA20,250,115,3375,3090,False,False,False,False
012800,20260106,2.77,2.14,9.57,1583,1235,True,False,1.0,2.04,MA5>MA120>MA60>MA20>MA40,154,50,1516,1315,False,False,False,False
013360,20251204,3.38,11.12,29.95,2915,1008,False,False,,30.24,MA120>MA5>MA60>MA40>MA20,583,310,2193,1448,False,False,False,False
013360,20251205,13.12,29.95,16.83,3216,1147,False,False,,-8.4,MA5>MA120>MA20>MA60>MA40,702,421,2621,1327,False,False,False,False
013360,20251208,4.77,16.83,5.23,3520,2038,False,True,,-12.8,MA5>MA120>MA20>MA60>MA40,185,355,2670,2635,True,True,False,False
013580,20260203,2.08,0.23,5.08,26000,20875,True,False,7.0,-2.71,MA5>MA20>MA40>MA60>MA120,1250,1000,23750,22350,False,False,False,False
014280,20251017,3.39,0.6,29.88,7865,4180,True,False,1.0,23.51,MA5>MA20>MA40>MA60>MA120,1560,395,6915,5265,False,False,False,False
014280,20251124,3.75,3.89,5.11,7550,5315,True,False,14.0,-3.94,MA5>MA20>MA40>MA60>MA120,570,480,6650,5810,False,False,False,False
014790,20251027,4.76,0.87,10.17,2575,2162,True,False,3.0,-1.45,MA120>MA60>MA40>MA5>MA20,255,45,2590,2205,False,False,False,False
016610,20260123,2.08,1.76,3.98,13420,11150,True,False,5.0,-0.34,MA5>MA20>MA40>MA60>MA120,580,470,12490,11650,False,False,False,False
017040,20251023,4.05,13.66,19.23,2574,1054,False,False,,-16.9,MA120>MA5>MA20>MA40>MA60,455,271,2007,1371,True,False,False,False
017040,20260113,6.25,8.74,9.23,1728,1120,False,False,,-6.51,MA60>MA5>MA40>MA120>MA20,232,113,1581,1174,False,False,False,False
017940,20260126,2.68,4.88,3.03,99200,80100,True,False,8.0,-6.01,MA5>MA40>MA60>MA20>MA120,5600,4200,92700,82400,False,False,False,False
018500,20251016,2.85,1.73,4.24,1389,1236,True,False,3.0,-1.42,MA120>MA60>MA40>MA20>MA5,77,24,1376,1245,False,False,False,False
018880,20251016,3.61,2.44,8.08,3367,2717,True,False,1.0,1.55,MA40>MA60>MA120>MA20>MA5,302,92,3262,2816,False,False,False,False
018880,20260122,2.46,0.62,4.62,3880,3025,True,False,9.0,-4.5,MA60>MA120>MA40>MA5>MA20,250,170,3570,3190,False,False,False,False
018880,20260204,3.83,5.94,9.88,4205,3088,True,False,1.0,10.37,MA60>MA5>MA120>MA40>MA20,425,190,3915,3340,False,False,False,False
019180,20260114,6.34,18.12,6.81,13150,6410,False,False,,-26.25,MA5>MA20>MA40>MA60>MA120,1900,1480,10740,7190,True,False,False,False
020150,20260114,4.55,2.84,10.57,37050,28000,True,False,6.0,0.0,MA40>MA60>MA20>MA5>MA120,4000,1450,35450,29850,False,False,False,False
020150,20260122,2.39,-2.34,26.61,45850,28325,True,False,9.0,6.57,MA5>MA40>MA60>MA20>MA120,9350,1400,43750,33300,False,False,False,False
023590,20260128,3.19,6.82,9.36,62350,40675,False,False,,-10.31,MA5>MA20>MA40>MA60>MA120,7150,3950,55350,44950,False,False,False,False
028050,20260126,2.96,8.65,6.85,40200,23075,False,False,,3.6,MA120>MA5>MA60>MA40>MA20,3850,3550,32400,25850,False,False,False,False
029530,20260202,6.36,-0.63,13.56,54700,43550,True,False,1.0,0.4,MA5>MA40>MA60>MA20>MA120,6700,1150,54750,45050,False,False,False,False
031440,20251211,2.51,0.66,7.27,42650,36100,True,False,2.0,1.16,MA20>MA120>MA60>MA40>MA5,3000,950,41550,38250,False,False,False,False
032350,20260205,3.8,2.46,5.4,29650,23950,False,True,,-7.71,MA5>MA20>MA40>MA60>MA120,1600,1150,27500,25500,False,False,False,False
032640,20251105,2.27,-0.34,2.89,15970,14205,True,False,3.0,-0.27,MA20>MA40>MA60>MA5>MA120,510,380,15350,14610,False,False,False,False
033240,20251103,2.07,3.58,5.3,26900,20525,False,True,,-7.67,MA20>MA5>MA40>MA60>MA120,1550,1300,24150,22200,True,True,False,False
033240,20251210,3.73,1.57,9.95,24770,18770,True,False,1.0,4.32,MA60>MA40>MA5>MA120>MA20,2220,990,23090,19900,False,False,False,False
033530,20251021,10.4,29.98,17.2,13470,4335,False,False,,-8.57,MA5>MA20>MA40>MA60>MA120,2970,1820,10610,5260,False,False,False,False
034020,20251029,4.98,5.49,11.57,104800,77200,False,True,,-16.43,MA5>MA20>MA40>MA60>MA120,12800,4200,100600,81300,False,False,False,False
034120,20251114,2.67,0.61,3.68,20830,19200,False,True,,-5.9,MA120>MA60>MA40>MA5>MA20,900,270,20820,19620,False,False,False,False
034230,20260204,2.48,6.49,8.09,22170,16810,False,True,,-18.46,MA120>MA5>MA20>MA40>MA60,2160,850,20900,17690,False,False,False,False
036570,20251124,3.5,2.3,5.85,251000,168750,False,False,,-3.48,MA20>MA40>MA60>MA120>MA5,22500,17600,220100,179700,False,False,False,False
036580,20260126,2.19,3.07,16.7,3350,2192,True,False,7.0,5.64,MA120>MA5>MA40>MA60>MA20,495,140,3075,2455,False,False,False,False
036580,20260204,10.0,4.99,30.0,4845,2390,True,False,1.0,14.9,MA5>MA20>MA120>MA40>MA60,1050,355,4320,2925,False,False,False,False
039130,20251203,2.98,1.18,5.11,50150,45200,True,False,2.0,0.83,MA120>MA60>MA5>MA40>MA20,2800,700,50100,45650,False,False,False,False
039490,20251027,4.23,3.82,8.27,317000,257000,True,False,3.0,0.53,MA5>MA20>MA40>MA60>MA120,25000,10000,304500,270500,False,False,False,False
039490,20260123,2.3,5.83,5.21,422500,301500,True,False,4.0,0.6,MA5>MA20>MA40>MA60>MA120,28000,24500,368000,331000,False,False,False,False
042660,20251022,2.65,6.16,9.69,152400,107200,False,False,,-5.57,MA5>MA40>MA20>MA60>MA120,16800,7500,139900,120700,False,False,False,False
042700,20260105,7.2,13.42,15.78,208400,107750,True,False,18.0,6.33,MA5>MA60>MA20>MA40>MA120,39700,17100,184400,119100,False,False,False,False
047050,20260115,2.54,2.6,4.53,65800,50950,True,False,4.0,-0.18,MA60>MA5>MA40>MA120>MA20,4500,3100,60800,53800,False,False,False,False
047810,20251117,2.81,-0.1,7.86,125500,97700,False,False,,-5.47,MA5>MA40>MA20>MA60>MA120,9000,4600,115800,104400,False,False,False,False
047810,20260108,2.28,0.0,4.92,153200,130800,True,False,1.0,2.01,MA5>MA20>MA40>MA60>MA120,8000,4200,147000,136800,False,False,False,False
051910,20251022,2.89,-0.43,13.01,428000,319000,True,False,16.0,4.78,MA5>MA20>MA40>MA60>MA120,48000,13000,404000,348000,False,False,False,False
052690,20260112,2.26,0.83,5.24,112200,94250,True,False,2.0,1.71,MA5>MA60>MA20>MA120>MA40,5500,3700,106200,98700,False,False,False,False
052690,20260119,2.6,11.73,5.21,176100,105550,False,False,,-3.85,MA5>MA20>MA60>MA40>MA120,18500,14600,147900,118100,False,False,False,False
052690,20260204,6.06,5.34,12.19,158600,116100,True,False,9.0,-1.5,MA5>MA20>MA40>MA60>MA120,21400,6100,154300,123500,False,False,False,False
058650,20251212,2.72,1.0,7.18,135000,116550,True,False,1.0,-0.96,MA120>MA5>MA60>MA20>MA40,8900,2400,132300,121900,False,False,False,False
058650,20260123,2.56,1.36,12.12,198800,141750,False,False,,-7.5,MA5>MA20>MA40>MA60>MA120,22100,8200,183100,155600,False,False,False,False
058730,20251124,3.62,0.16,14.8,4650,2725,False,False,,-2.06,MA5>MA120>MA60>MA40>MA20,510,365,3855,3210,False,False,False,False
060980,20251204,3.03,1.27,8.98,56250,45000,False,True,,-11.04,MA5>MA20>MA40>MA60>MA120,4800,1500,53700,47650,True,False,False,False
064400,20251103,2.41,5.24,5.58,83600,60250,False,True,,-16.05,MA120>MA60>MA40>MA5>MA20,6500,4600,74600,64800,False,False,False,False
064400,20251205,2.86,6.97,6.84,88600,54900,False,False,,-6.34,MA120>MA60>MA5>MA40>MA20,8200,6900,74100,61500,False,False,False,False
064400,20251212,2.29,1.4,4.74,75600,63100,False,True,,-6.13,MA120>MA5>MA60>MA40>MA20,3600,2600,71100,65900,False,False,False,False
064960,20251205,2.25,-0.97,3.65,42900,34725,False,True,,-5.08,MA5>MA60>MA120>MA40>MA20,1450,1850,38750,37500,True,False,False,False
066570,20251205,3.59,5.92,5.17,116900,85000,False,False,,-8.04,MA5>MA20>MA40>MA60>MA120,9800,6600,106300,89000,False,False,False,False
066575,20251106,2.19,1.27,12.2,61575,44800,False,False,,-6.02,MA5>MA20>MA40>MA60>MA120,6000,2675,56475,49375,True,False,False,False
066575,20251205,2.51,5.08,5.42,62450,46625,False,False,,-9.91,MA5>MA20>MA40>MA60>MA120,5250,3050,57550,48850,False,False,False,False
066575,20260116,2.46,0.62,7.58,55800,46425,True,False,18.0,-4.3,MA40>MA60>MA20>MA5>MA120,4050,1300,53800,48500,False,False,False,False
066970,20251017,3.76,19.27,12.8,158500,67050,False,False,,4.11,MA5>MA20>MA40>MA60>MA120,29300,17000,128000,81700,False,False,False,False
067830,20251212,11.45,19.0,16.94,5275,2095,False,False,,-16.64,MA5>MA120>MA20>MA60>MA40,1020,625,4250,2770,False,False,False,False
068270,20260102,4.31,-0.17,11.88,201400,169500,True,False,1.0,6.2,MA5>MA20>MA40>MA60>MA120,22000,2100,204600,174500,False,False,False,False
069620,20251103,2.87,1.98,2.94,148800,133300,True,False,5.0,-4.67,MA120>MA5>MA40>MA60>MA20,6800,3000,146500,134400,False,False,False,False
071050,20260123,2.04,3.27,4.93,221800,179600,True,False,4.0,1.0,MA5>MA20>MA60>MA40>MA120,10800,8600,204400,189700,False,False,False,False
071970,20251222,3.29,5.59,7.29,104500,76050,True,False,13.0,-6.04,MA60>MA40>MA5>MA20>MA120,10100,5100,96300,80200,False,False,False,False
072130,20251125,4.8,0.3,6.6,5345,4828,True,False,1.0,-4.77,MA120>MA60>MA40>MA20>MA5,335,85,5415,4975,False,False,False,False
075580,20251027,2.65,0.67,5.96,28600,21825,False,True,,-7.53,MA5>MA20>MA40>MA60>MA120,1450,1500,25500,23500,True,True,False,False
075580,20260109,2.05,1.01,7.42,22630,18195,False,True,,-11.56,MA60>MA5>MA40>MA120>MA20,1470,670,21070,19300,False,False,False,False
078930,20251110,2.55,0.59,11.79,61750,47000,True,False,8.0,6.9,MA5>MA20>MA40>MA120>MA60,6600,1850,58750,50850,False,False,False,False
079900,20251121,7.1,6.61,8.46,52100,41950,True,False,1.0,1.26,MA120>MA60>MA40>MA20>MA5,4100,2050,50150,44500,False,False,False,False
079900,20251212,3.33,0.84,5.83,53350,46000,False,False,,-6.65,MA120>MA5>MA20>MA60>MA40,3200,1200,52000,47400,False,False,False,False
079900,20260203,3.37,-0.4,29.96,72100,42025,False,False,,-10.46,MA5>MA20>MA40>MA120>MA60,15650,2300,67800,50500,True,False,False,False
084010,20260203,2.76,0.1,3.15,11560,10160,True,False,2.0,0.65,MA40>MA60>MA120>MA20>MA5,440,310,11130,10380,False,False,False,False
084670,20251120,20.17,29.99,29.94,16680,4700,True,False,2.0,10.62,MA5>MA120>MA60>MA40>MA20,4940,2150,14260,5780,False,False,False,False
085310,20251223,2.9,1.26,6.56,1366,1155,False,True,,-7.42,MA60>MA40>MA20>MA120>MA5,86,31,1315,1192,False,False,False,False
086280,20251204,2.71,0.3,3.88,179700,165850,True,False,1.0,-0.17,MA60>MA5>MA40>MA20>MA120,7100,2400,178900,168100,False,False,False,False
088350,20260123,2.03,0.47,7.33,3620,3050,True,False,1.0,7.34,MA5>MA20>MA120>MA40>MA60,260,70,3510,3190,False,False,False,False
091160,20260105,3.33,6.82,4.76,78955,57732,True,False,17.0,-1.81,MA5>MA20>MA40>MA60>MA120,7245,4165,72765,59870,False,False,False,False
091180,20251016,3.62,0.62,5.05,20410,18685,True,False,1.0,0.59,MA40>MA60>MA5>MA20>MA120,1168,224,20661,18699,False,False,False,False
092200,20251103,9.0,4.21,29.83,7060,3975,True,False,2.0,11.32,MA5>MA20>MA40>MA60>MA120,1630,310,6730,4690,False,False,False,False
092200,20251119,4.05,1.82,11.35,10110,5610,True,False,8.0,-2.65,MA5>MA20>MA40>MA60>MA120,840,940,7810,6810,True,True,False,False
092220,20260129,2.05,0.65,3.85,913,761,False,True,,-4.78,MA5>MA120>MA20>MA60>MA40,32,33,842,828,False,False,False,False
092780,20260116,16.64,29.98,29.98,9400,4080,True,False,1.0,11.44,MA5>MA20>MA120>MA40>MA60,2540,840,8730,4840,False,False,False,False
092780,20260119,2.66,29.98,6.84,11790,6405,False,True,,-24.57,MA5>MA20>MA120>MA40>MA60,1350,1190,9620,7460,False,False,False,False
092790,20260105,9.18,0.44,10.82,9940,8475,True,False,1.0,-3.2,MA120>MA60>MA40>MA20>MA5,1110,190,10330,8550,False,False,False,False
093050,20260128,4.08,1.07,5.09,19110,17275,True,False,2.0,-1.99,MA120>MA40>MA60>MA5>MA20,1010,350,19140,17300,False,False,False,False
093370,20251027,14.3,16.52,19.24,12740,5415,False,False,,-14.29,MA5>MA20>MA40>MA60>MA120,2670,1410,10830,5920,False,False,False,False
093370,20251113,2.05,4.28,6.91,11890,8415,False,True,,-14.39,MA5>MA20>MA40>MA60>MA120,990,690,10590,9200,True,False,False,False
093370,20260128,3.88,-0.75,5.89,8860,7715,False,True,,-7.84,MA60>MA5>MA40>MA20>MA120,490,220,8670,7990,False,False,False,False
097230,20260107,4.08,5.5,10.2,27400,19500,True,False,7.0,2.83,MA60>MA20>MA5>MA40>MA120,3200,1300,25600,21000,False,False,False,False
100220,20260204,2.14,2.8,3.11,6170,4850,False,True,,-8.57,MA120>MA60>MA5>MA40>MA20,300,280,5580,5030,False,False,False,False
101280,20260106,2.26,0.13,2.37,34948,26739,False,False,,-2.33,MA20>MA5>MA40>MA60>MA120,754,1998,29868,28965,True,True,False,False
102260,20251126,2.56,3.83,4.45,5317,4100,False,False,,-4.36,MA5>MA120>MA60>MA40>MA20,362,238,4881,4345,False,False,False,False
102970,20251027,2.99,2.63,3.96,17100,14928,False,True,,-7.13,MA5>MA20>MA40>MA60>MA120,715,430,16430,15365,False,False,False,False
102970,20260123,2.8,2.13,7.14,20370,16778,True,False,4.0,1.75,MA5>MA20>MA40>MA60>MA120,1325,575,19340,17560,False,False,False,False
103140,20260106,3.12,2.25,8.62,124100,102750,True,False,4.0,-0.44,MA120>MA5>MA60>MA20>MA40,10500,2700,121200,108400,False,False,False,False
105190,20260105,2.01,2.87,3.82,69674,59102,True,False,8.0,0.25,MA5>MA20>MA40>MA60>MA120,4164,1838,67186,59996,False,False,False,False
105840,20251016,2.81,4.94,6.11,23750,14910,False,True,,-13.9,MA5>MA20>MA40>MA60>MA120,1640,1910,19280,16710,True,True,False,False
105840,20251203,3.23,1.11,8.84,17810,14640,True,False,2.0,2.44,MA5>MA40>MA20>MA60>MA120,1480,460,17320,15610,False,False,False,False
120110,20251117,3.1,-0.83,9.52,57150,39475,False,True,,-9.47,MA5>MA120>MA20>MA60>MA40,4350,3250,49250,44000,True,False,False,False
120110,20260113,2.86,6.33,9.28,55000,38325,True,False,12.0,-7.46,MA20>MA40>MA5>MA60>MA120,6250,2700,50400,41000,False,False,False,False
123320,20251024,2.65,-2.11,5.66,45665,36062,True,False,6.0,3.76,MA5>MA20>MA40>MA60>MA120,2513,1857,41688,38032,False,False,False,False
123320,20260128,2.79,6.96,3.67,90165,62392,True,False,14.0,-11.13,MA5>MA20>MA40>MA60>MA120,7445,6185,79745,66415,False,False,False,False
123690,20260102,13.45,2.45,21.51,11850,8630,True,False,1.0,-3.6,MA5>MA120>MA60>MA40>MA20,2380,310,12510,9210,False,False,False,False
126720,20260119,6.13,4.94,7.77,28800,21625,False,False,,-8.67,MA5>MA20>MA120>MA40>MA60,3150,1300,27650,22100,False,False,False,False
128820,20260202,4.76,9.87,13.61,12800,5920,True,False,18.0,1.95,MA40>MA5>MA20>MA60>MA120,1620,1410,9760,7300,False,False,False,False
130660,20260204,18.04,3.17,20.51,14700,11690,True,False,1.0,2.73,MA5>MA20>MA120>MA40>MA60,2940,320,16420,11240,False,False,False,False
132030,20260129,4.7,3.3,6.23,32600,28562,False,True,,-18.37,MA5>MA20>MA40>MA60>MA120,2375,615,32740,28810,False,False,False,False
138540,20251016,4.21,1.48,4.72,37620,34229,True,False,1.0,-0.21,MA20>MA40>MA5>MA60>MA120,2198,528,38054,34206,False,False,False,False
139230,20251027,2.2,2.56,4.36,16192,13988,True,False,3.0,0.73,MA5>MA20>MA40>MA60>MA120,948,369,15779,14527,False,False,False,False
139260,20260105,2.31,4.38,4.13,67666,54240,True,False,13.0,-0.57,MA5>MA20>MA40>MA60>MA120,4782,2539,63952,55832,False,False,False,False
139320,20260126,2.37,2.95,3.16,22955,21742,True,False,1.0,-0.62,MA5>MA20>MA40>MA60>MA120,735,190,23035,21780,False,False,False,False
139320,20260129,5.45,3.16,6.67,25575,22370,False,True,,-21.32,MA5>MA20>MA40>MA60>MA120,1930,520,25785,22575,False,False,False,False
139480,20260205,8.88,2.94,9.51,107600,86200,True,False,1.0,-2.14,MA5>MA20>MA40>MA60>MA120,11600,3800,107400,88700,False,False,False,False
144600,20251222,3.03,-1.06,4.87,12202,10846,True,False,2.0,1.78,MA5>MA20>MA40>MA60>MA120,579,264,11978,11035,False,False,False,False
144600,20251224,3.73,0.5,4.03,12525,11528,True,False,1.0,2.04,MA5>MA20>MA40>MA60>MA120,479,194,12441,11558,False,False,False,False
144600,20260126,6.14,5.37,8.61,18645,15505,True,False,1.0,-0.84,MA5>MA20>MA40>MA60>MA120,1810,460,18680,15550,False,False,False,False
152100,20260105,2.12,2.61,3.76,70184,59852,True,False,8.0,0.11,MA5>MA20>MA40>MA60>MA120,4101,1816,67819,60750,False,False,False,False
161390,20251110,2.33,5.0,18.54,73450,40200,False,False,,11.09,MA5>MA20>MA40>MA120>MA60,12200,5250,63750,47650,False,False,False,False
178920,20260204,2.1,8.13,13.59,27070,14410,False,False,,-5.77,MA5>MA120>MA60>MA20>MA40,3380,2270,21750,16960,False,False,False,False
194370,20251031,3.33,2.72,3.72,12960,9735,False,False,,-6.64,MA120>MA40>MA60>MA5>MA20,570,760,11350,10600,True,True,False,False
195870,20260128,4.12,-2.02,9.26,67500,54850,True,False,2.0,-9.39,MA5>MA40>MA20>MA60>MA120,5900,2000,65700,57900,True,False,False,False
200880,20251022,4.9,2.93,6.25,15130,11880,False,True,,-12.36,MA5>MA120>MA60>MA40>MA20,1040,640,14080,12700,False,False,False,False
200880,20260116,12.49,4.06,15.05,17280,12160,True,False,1.0,1.7,MA5>MA20>MA40>MA60>MA120,2700,910,17120,12530,False,False,False,False
204320,20251124,2.03,-0.63,5.21,47900,37500,True,False,5.0,2.24,MA5>MA20>MA40>MA60>MA120,2600,2050,43450,39950,False,False,False,False
204320,20251128,4.76,1.77,8.12,47350,41050,True,False,1.0,8.08,MA5>MA20>MA40>MA60>MA120,3700,900,47500,42600,False,False,False,False
204320,20251201,6.22,8.12,9.87,60600,42125,True,False,4.0,1.41,MA5>MA20>MA40>MA60>MA120,6050,3700,54900,45200,False,False,False,False
214420,20260102,5.24,0.12,12.75,9900,7840,False,False,,-8.49,MA120>MA60>MA20>MA40>MA5,1080,250,9710,8360,False,False,False,False
228810,20260102,2.47,2.8,3.38,6880,5715,False,True,,-10.62,MA120>MA5>MA60>MA20>MA40,370,240,6510,5940,False,False,False,False
229200,20260126,2.23,4.35,11.26,19880,14805,True,False,2.0,7.26,MA5>MA20>MA40>MA60>MA120,2420,605,19040,16015,False,False,False,False
229200,20260129,2.81,7.48,2.93,24110,18275,False,True,,-13.36,MA5>MA20>MA40>MA60>MA120,1760,1245,22160,19890,False,False,False,False
232080,20260129,2.67,7.4,2.92,24535,18632,False,True,,-13.33,MA5>MA20>MA40>MA60>MA120,1815,1245,22600,20235,False,False,False,False
233160,20260126,5.96,8.55,22.87,20150,11540,True,False,2.0,12.83,MA5>MA20>MA40>MA60>MA120,4270,1025,18970,13415,False,False,False,False
233160,20260128,4.09,4.96,15.05,29285,15482,False,False,,-13.8,MA5>MA20>MA40>MA60>MA120,4125,2440,24110,18330,True,False,False,False
233160,20260129,5.28,15.05,5.88,29690,17935,False,True,,-25.93,MA5>MA20>MA40>MA60>MA120,3340,2590,25535,21265,True,False,False,False
233740,20260126,3.93,8.93,22.95,18535,10238,True,False,2.0,15.15,MA5>MA20>MA40>MA60>MA120,3925,975,17100,11760,False,False,False,False
233740,20260128,2.77,5.15,14.69,24135,13865,False,False,,-12.6,MA5>MA20>MA40>MA60>MA120,3720,1605,21050,15730,False,False,False,False
237350,20251027,2.09,2.56,2.65,45580,41720,True,False,3.0,-1.36,MA5>MA20>MA40>MA60>MA120,1670,730,44955,42115,False,False,False,False
237350,20260105,2.69,3.35,4.02,54680,46090,True,False,8.0,-0.46,MA5>MA20>MA40>MA60>MA120,3510,1545,52900,46805,False,False,False,False
249420,20251106,3.35,6.57,7.75,45250,26025,False,True,,-12.1,MA5>MA40>MA60>MA20>MA120,3050,4150,34750,30150,True,False,False,False
249420,20251209,5.92,0.36,6.64,31100,26775,True,False,1.0,3.73,MA20>MA5>MA40>MA60>MA120,1950,900,30600,27550,False,False,False,False
249420,20251210,4.04,6.64,9.43,37450,28000,True,False,1.0,8.58,MA20>MA5>MA40>MA60>MA120,3000,1750,34250,30150,False,False,False,False
249420,20251211,4.46,9.43,24.62,53150,26100,False,False,,3.09,MA5>MA20>MA40>MA60>MA120,9600,4000,44500,32250,False,False,False,False
251340,20260202,2.31,2.37,5.56,2530,2048,False,True,,-8.37,MA120>MA60>MA40>MA20>MA5,155,100,2380,2195,True,False,False,False
252400,20251024,2.36,-2.06,5.15,42073,33420,True,False,6.0,4.04,MA5>MA20>MA40>MA60>MA120,2126,1714,38323,35112,False,False,False,False
252400,20260105,4.19,5.57,7.62,55765,40788,True,False,8.0,0.08,MA5>MA20>MA40>MA60>MA120,6005,2610,52405,42050,False,False,False,False
252400,20260128,2.16,7.12,3.66,84000,57512,True,False,14.0,-10.7,MA5>MA20>MA40>MA60>MA120,7005,5800,73820,61305,False,False,False,False
252670,20251105,3.16,5.93,5.31,832,624,False,False,,-8.21,MA120>MA60>MA40>MA20>MA5,73,40,774,644,False,False,False,False
252710,20251105,3.26,5.59,5.56,878,661,False,False,,-8.02,MA120>MA60>MA40>MA20>MA5,78,41,819,681,False,False,False,False
261070,20260126,2.82,7.57,11.48,24020,15478,False,False,,-3.16,MA20>MA40>MA5>MA60>MA120,3405,1310,21895,16770,False,False,False,False
261220,20251023,2.86,2.05,4.05,14340,12898,False,False,,-2.85,MA60>MA120>MA40>MA20>MA5,745,235,14250,12985,False,False,False,False
266360,20260126,2.26,3.51,2.88,15050,12992,False,False,,-7.16,MA5>MA120>MA20>MA60>MA40,755,400,14525,13240,False,False,False,False
266370,20260122,2.34,0.04,2.42,37670,32835,True,False,4.0,-0.94,MA5>MA20>MA40>MA60>MA120,1770,980,36470,33040,False,False,False,False
267250,20260112,2.44,4.33,11.22,250700,184950,True,False,6.0,3.33,MA5>MA40>MA60>MA20>MA120,28700,8900,236900,203500,False,False,False,False
267250,20260120,3.46,4.03,5.7,306500,220500,False,False,,-12.99,MA5>MA20>MA60>MA40>MA120,26000,17500,277000,237500,True,False,False,False
267270,20260203,2.98,-0.83,26.65,162400,89700,False,False,,2.53,MA20>MA5>MA40>MA60>MA120,30800,8200,144100,109600,False,False,False,False
267770,20260105,4.23,5.72,7.71,46245,34102,True,False,7.0,0.2,MA5>MA20>MA40>MA60>MA120,4865,2120,43520,35200,False,False,False,False
271560,20260128,4.32,1.0,5.41,118800,107100,True,False,1.0,0.17,MA5>MA20>MA40>MA120>MA60,6600,2000,119000,107800,False,False,False,False
271980,20251201,2.33,4.45,4.86,18780,13950,False,False,,-2.67,MA5>MA40>MA60>MA120>MA20,1200,1040,16790,14820,False,False,False,False
272210,20251223,2.64,4.6,3.52,68900,53550,True,False,10.0,-7.03,MA120>MA5>MA60>MA40>MA20,3500,3600,62400,55900,False,False,False,False
272210,20260109,3.32,3.08,27.53,83900,50350,True,False,2.0,20.22,MA5>MA20>MA120>MA60>MA40,17700,2600,79500,59300,False,False,False,False
272210,20260203,4.31,-1.38,28.63,153700,78700,True,False,17.0,2.06,MA5>MA20>MA40>MA60>MA120,27200,10000,129500,99300,False,False,False,False
278240,20251103,2.52,2.07,4.43,14571,12390,False,True,,-8.09,MA5>MA20>MA40>MA60>MA120,811,386,13993,12933,False,False,False,False
278240,20260126,3.45,9.0,22.17,20735,11630,True,False,2.0,15.28,MA5>MA20>MA40>MA60>MA120,4280,1065,19115,13335,False,False,False,False
278240,20260128,2.5,5.43,15.32,27240,15578,False,False,,-11.95,MA5>MA20>MA40>MA60>MA120,4245,1795,23740,17690,False,False,False,False
278240,20260129,2.1,15.32,6.2,30705,17605,False,True,,-23.34,MA5>MA20>MA40>MA60>MA120,3800,2575,25880,20890,True,False,False,False
281820,20251111,4.27,8.01,9.3,53600,33750,False,False,,-11.57,MA5>MA20>MA40>MA60>MA120,6500,3800,47300,36400,False,False,False,False
281820,20260128,3.37,3.36,7.59,50050,37300,True,False,8.0,-2.21,MA20>MA5>MA60>MA40>MA120,4900,2200,46850,39500,False,False,False,False
286940,20260119,3.96,2.88,4.43,25450,20300,False,False,,-6.73,MA5>MA120>MA20>MA60>MA40,1400,1100,23500,21200,False,False,False,False
292150,20251229,2.51,1.31,4.22,21508,19410,True,False,2.0,1.06,MA5>MA20>MA40>MA60>MA120,1028,310,21262,19640,False,False,False,False
292150,20260105,2.45,4.08,4.38,24874,20288,True,False,9.0,-0.59,MA5>MA20>MA40>MA60>MA120,1777,818,23772,20703,False,False,False,False
298020,20260121,4.45,-0.34,29.97,394000,243000,True,False,1.0,21.8,MA5>MA20>MA40>MA60>MA120,91000,8250,387750,286250,False,False,False,False
298040,20260112,3.45,2.5,6.79,2144000,1773000,True,False,2.0,0.67,MA60>MA40>MA5>MA20>MA120,160000,62000,2075000,1856000,False,False,False,False
298050,20260126,2.28,1.15,3.87,251500,214500,True,False,1.0,3.56,MA5>MA60>MA20>MA40>MA120,9000,9000,237000,223500,False,False,False,False
298050,20260127,3.07,3.87,7.46,281500,214250,False,False,,-3.19,MA5>MA20>MA60>MA40>MA120,20500,12000,257000,228500,False,False,False,False
298050,20260128,7.76,7.46,8.78,337000,219250,False,False,,-13.83,MA5>MA20>MA60>MA40>MA120,31500,25500,292000,235500,False,False,False,False
315960,20260105,2.8,3.27,3.78,45610,38330,True,False,7.0,-1.45,MA5>MA20>MA40>MA60>MA120,2840,1390,43980,39140,False,False,False,False
316670,20260126,2.11,4.02,11.05,9950,7395,True,False,2.0,7.21,MA5>MA20>MA40>MA60>MA120,1200,310,9505,7870,False,False,False,False
319640,20260129,4.95,3.29,6.58,34285,30022,False,True,,-18.76,MA5>MA20>MA40>MA60>MA120,2595,630,34545,30200,False,False,False,False
322000,20251219,2.07,0.0,7.41,74200,54200,False,True,,-11.99,MA5>MA40>MA20>MA60>MA120,5400,3800,66100,58600,True,False,False,False
322000,20260205,10.07,29.83,16.17,122500,41550,True,False,14.0,-0.52,MA5>MA40>MA20>MA60>MA120,26900,15900,97800,57400,False,False,False,False
323410,20260205,2.0,8.23,7.4,37650,21525,False,False,,-13.53,MA5>MA120>MA20>MA40>MA60,3550,3300,30150,24850,True,False,False,False
325010,20260105,2.23,3.41,3.77,27950,23918,True,False,9.0,-0.44,MA5>MA20>MA40>MA60>MA120,1595,735,27045,24365,False,False,False,False
326030,20251021,2.54,1.49,4.49,110200,99150,True,False,4.0,-0.95,MA20>MA40>MA60>MA5>MA120,5300,1800,108900,100500,False,False,False,False
326030,20251112,2.93,0.0,6.95,133300,114300,True,False,9.0,-0.73,MA5>MA20>MA40>MA60>MA120,9000,2600,130400,118400,False,False,False,False
336370,20260129,3.49,4.4,3.61,9600,7760,False,True,,-10.83,MA120>MA60>MA5>MA40>MA20,560,400,9000,8410,False,False,False,False
337140,20260105,2.33,2.75,3.57,23915,20582,True,False,6.0,-0.27,MA5>MA20>MA40>MA60>MA120,1365,595,23225,20915,False,False,False,False
352820,20260102,3.03,3.12,4.85,386500,308500,True,False,15.0,-6.03,MA5>MA20>MA40>MA60>MA120,25000,16000,362000,321500,False,False,False,False
354500,20251128,2.06,0.46,4.71,16125,14908,True,False,1.0,3.33,MA20>MA5>MA40>MA60>MA120,735,120,16130,15080,False,False,False,False
354500,20260126,2.16,4.25,11.45,20045,14870,True,False,1.0,7.39,MA5>MA20>MA40>MA60>MA120,2480,605,19195,15825,False,False,False,False
354500,20260129,3.23,7.58,3.55,24135,18402,False,True,,-13.74,MA5>MA20>MA40>MA60>MA120,1845,1205,22375,20100,False,False,False,False
363580,20260105,3.09,4.27,4.26,26475,21405,True,False,10.0,-1.14,MA5>MA20>MA40>MA60>MA120,1950,955,25285,21965,False,False,False,False
375500,20251212,2.68,1.54,5.25,51750,40900,False,True,,-7.73,MA120>MA5>MA60>MA40>MA20,2800,2250,47350,43200,False,False,False,False
383220,20251111,3.3,4.26,13.97,80000,56400,False,False,,6.53,MA120>MA60>MA40>MA5>MA20,10800,3000,75600,61200,False,False,False,False
385720,20260107,2.21,0.28,2.92,17455,15792,True,False,6.0,-0.4,MA5>MA20>MA40>MA60>MA120,515,410,16975,16250,False,False,False,False
390390,20260105,2.67,0.43,3.57,37797,34837,True,False,2.0,0.9,MA5>MA20>MA40>MA60>MA120,1598,494,37728,34901,False,False,False,False
390390,20260122,2.02,-0.3,2.25,41177,38660,False,True,,-5.42,MA5>MA20>MA40>MA60>MA120,1223,454,40948,38617,False,False,False,False
395160,20260105,2.94,6.33,4.25,22835,16952,True,False,17.0,-1.68,MA5>MA20>MA40>MA60>MA120,1945,1175,21045,17615,False,False,False,False
395290,20260102,3.22,3.33,4.05,10370,8355,False,True,,-10.35,MA120>MA5>MA60>MA20>MA40,680,400,9775,8675,False,False,False,False
396500,20251229,2.57,2.83,2.68,21270,18582,True,False,2.0,-0.6,MA5>MA20>MA40>MA60>MA120,905,560,20500,18930,False,False,False,False
396500,20260105,3.37,7.63,5.57,26635,18785,True,False,17.0,-1.09,MA5>MA20>MA40>MA60>MA120,2710,1505,24355,19585,False,False,False,False
403790,20260105,2.48,1.6,3.12,38660,34340,True,False,5.0,-0.11,MA5>MA20>MA40>MA60>MA120,1780,800,37810,34835,False,False,False,False
411060,20251015,2.56,4.49,3.86,34290,29008,False,True,,-9.47,MA5>MA20>MA40>MA60>MA120,2005,970,32985,29490,False,False,False,False
411060,20260129,5.39,3.25,7.29,39310,33090,False,True,,-16.98,MA5>MA20>MA40>MA60>MA120,3200,1010,38900,34135,False,False,False,False
411420,20251219,2.55,-2.66,2.65,19761,18656,True,False,1.0,3.21,MA40>MA60>MA20>MA5>MA120,559,250,19745,18822,False,False,False,False
412570,20251022,2.05,2.58,8.22,2145,1400,False,False,,-3.96,MA5>MA20>MA60>MA40>MA120,155,158,1791,1581,True,False,False,False
412570,20260122,2.08,-3.74,13.06,1847,1294,True,False,4.0,6.8,MA60>MA5>MA40>MA120>MA20,223,77,1705,1439,False,False,False,False
421320,20251222,3.54,3.05,9.13,27390,22525,True,False,6.0,-0.78,MA5>MA120>MA60>MA40>MA20,2440,620,26805,23370,False,False,False,False
423170,20260105,3.07,2.05,4.69,34865,30242,True,False,2.0,0.91,MA5>MA20>MA40>MA60>MA120,2245,745,34355,30395,False,False,False,False
423920,20260105,3.01,0.09,7.66,45504,38022,True,False,2.0,4.56,MA20>MA5>MA40>MA60>MA120,3645,1038,44527,39589,False,False,False,False
433500,20251029,4.97,1.96,6.65,45140,39635,False,True,,-10.58,MA5>MA20>MA40>MA60>MA120,3120,960,45275,40295,False,False,False,False
433500,20251203,2.64,2.43,4.23,44015,37818,True,False,7.0,-0.49,MA5>MA20>MA40>MA60>MA120,2645,1060,42845,39145,False,False,False,False
434730,20251029,2.56,2.19,5.22,53105,46170,True,False,3.0,0.31,MA5>MA20>MA40>MA60>MA120,3240,1105,52135,47245,False,False,False,False
434960,20260105,2.63,2.69,3.7,68646,59925,True,False,6.0,-0.09,MA5>MA20>MA40>MA60>MA120,3758,1582,67144,60412,False,False,False,False
440910,20251222,3.73,1.63,4.24,24585,23035,True,False,1.0,3.09,MA5>MA40>MA20>MA60>MA120,1130,230,24960,22825,False,False,False,False
440910,20251223,2.59,4.24,3.07,25305,24170,True,False,1.0,-1.66,MA5>MA20>MA40>MA60>MA120,880,145,25635,23995,False,False,False,False
440910,20260105,3.43,-0.88,3.53,25640,23475,True,False,1.0,2.29,MA5>MA20>MA60>MA40>MA120,970,445,25375,23495,False,False,False,False
440910,20260112,2.08,2.49,3.98,28565,26210,True,False,2.0,2.05,MA5>MA20>MA60>MA40>MA120,1230,350,28405,26460,False,False,False,False
442320,20260112,2.13,-0.52,4.04,43765,37918,True,False,4.0,2.0,MA5>MA60>MA20>MA40>MA120,2375,975,42455,38475,False,False,False,False
442580,20251027,3.48,4.22,4.56,36450,32965,True,False,1.0,-1.42,MA5>MA20>MA40>MA60>MA120,1970,575,36495,33035,False,False,False,False
442580,20260105,5.2,2.62,6.86,49490,41718,True,False,2.0,-1.15,MA5>MA20>MA40>MA60>MA120,3565,1565,48630,42450,False,False,False,False
445290,20251103,2.03,5.44,7.74,28005,21468,False,True,,-11.41,MA5>MA20>MA40>MA60>MA120,2475,1030,26210,22650,False,False,False,False
445290,20251204,2.16,0.7,4.49,25740,23022,True,False,5.0,0.76,MA5>MA20>MA40>MA60>MA120,1235,445,25320,23425,False,False,False,False
448100,20260105,2.09,2.8,3.83,70822,60538,True,False,7.0,0.33,MA5>MA20>MA40>MA60>MA120,4219,1763,68629,61314,False,False,False,False
449450,20260112,2.05,7.23,2.81,77025,58732,False,False,,-8.93,MA5>MA20>MA60>MA120>MA40,5245,3855,70455,61655,False,False,False,False
450910,20260126,2.56,4.08,11.86,19405,14505,True,False,2.0,7.35,MA5>MA20>MA40>MA60>MA120,2400,565,18670,15415,False,False,False,False
450910,20260129,2.54,7.53,3.39,23645,17920,False,True,,-13.15,MA5>MA20>MA40>MA60>MA120,1780,1175,21765,19490,False,False,False,False
451060,20260105,2.18,2.96,3.7,22390,19082,True,False,8.0,-0.02,MA5>MA20>MA40>MA60>MA120,1249,614,21569,19487,False,False,False,False
452260,20251217,16.49,1.93,30.0,1441,912,True,False,1.0,17.32,MA5>MA120>MA20>MA60>MA40,354,56,1499,1070,False,False,False,False
452260,20251218,6.24,30.0,6.93,2290,1168,True,False,18.0,-19.7,MA5>MA120>MA20>MA60>MA40,250,279,1822,1348,True,True,False,False
452260,20260115,23.3,29.97,29.78,2900,820,False,False,,-14.0,MA5>MA20>MA40>MA60>MA120,857,391,2496,927,False,False,False,False
453810,20260203,2.98,-0.15,4.43,14240,13020,False,True,,-6.07,MA60>MA40>MA120>MA20>MA5,670,195,14220,13185,False,False,False,False
453870,20260203,3.12,-0.27,5.3,14185,12750,False,False,,-5.54,MA60>MA40>MA120>MA20>MA5,710,245,14060,12985,False,False,False,False
454320,20260112,2.22,1.18,4.93,36365,32750,True,False,2.0,1.55,MA5>MA20>MA40>MA60>MA120,1790,560,35995,33330,False,False,False,False
454910,20251103,4.1,9.7,18.08,117600,65250,False,False,,-14.9,MA5>MA20>MA40>MA60>MA120,17900,8500,100600,76900,True,False,False,False
454910,20251204,5.22,1.19,7.82,84400,72500,True,False,1.0,-1.86,MA5>MA20>MA40>MA60>MA120,6800,1900,84600,74300,False,False,False,False
455850,20260105,3.48,7.35,3.73,21670,15912,True,False,17.0,-4.87,MA5>MA40>MA60>MA20>MA120,1815,1220,19855,16595,False,False,False,False
455850,20260128,2.13,4.45,7.62,24510,18345,True,False,2.0,1.13,MA5>MA20>MA40>MA60>MA120,2420,990,22965,19325,False,False,False,False
456040,20260113,2.26,4.93,11.48,80800,50300,True,False,19.0,6.29,MA60>MA40>MA20>MA120>MA5,9200,5200,69300,56200,False,False,False,False
457190,20260120,4.09,29.9,6.78,131900,49750,False,False,,-3.32,MA5>MA20>MA40>MA60>MA120,22500,17200,100700,60200,False,False,False,False
457190,20260122,5.8,5.39,16.25,129900,71400,False,False,,0.43,MA5>MA20>MA40>MA60>MA120,20600,10500,112800,82600,False,False,False,False
457990,20251027,3.53,5.25,4.01,25585,19848,False,False,,-8.51,MA5>MA20>MA40>MA60>MA120,1715,1240,23660,20690,False,False,False,False
458760,20260205,2.33,1.65,3.12,10942,10470,True,False,1.0,0.77,MA5>MA20>MA40>MA60>MA120,337,55,11030,10470,False,False,False,False
461580,20260126,3.3,3.65,10.3,18550,14638,True,False,2.0,5.74,MA5>MA20>MA60>MA40>MA120,1845,555,17960,15560,False,False,False,False
462010,20251022,2.56,0.19,7.03,6735,5050,False,False,,-3.61,MA5>MA20>MA60>MA40>MA120,390,330,5965,5450,False,False,False,False
462330,20260122,2.79,-3.46,17.18,1982,1358,True,False,4.0,9.23,MA60>MA5>MA40>MA20>MA120,273,82,1849,1538,False,False,False,False
465350,20260202,2.05,3.54,4.77,22125,17355,False,True,,-8.71,MA120>MA60>MA40>MA20>MA5,1400,970,20425,18840,False,False,False,False
466930,20251016,3.75,1.0,4.98,12775,11752,True,False,1.0,0.12,MA5>MA20>MA40>MA60>MA120,665,160,12910,11875,False,False,False,False
469070,20251103,3.31,7.01,9.86,15340,11092,False,True,,-16.0,MA5>MA20>MA40>MA60>MA120,1665,680,14270,11830,True,False,False,False
469070,20251204,3.57,0.77,4.53,13645,12042,True,False,7.0,-2.21,MA5>MA40>MA20>MA60>MA120,665,330,13370,12280,False,False,False,False
469150,20260105,4.85,7.78,7.3,36110,24885,True,False,17.0,-0.3,MA5>MA20>MA40>MA60>MA120,4220,2100,33315,25990,False,False,False,False
471760,20260105,3.43,7.75,6.27,15630,10792,True,False,17.0,-2.28,MA5>MA60>MA40>MA20>MA120,1675,915,14220,11385,False,False,False,False
471760,20260128,3.4,4.62,6.8,17430,13235,True,False,2.0,-0.36,MA5>MA20>MA40>MA60>MA120,1650,735,16445,13880,False,False,False,False
471990,20260105,3.33,5.02,4.25,18920,14712,True,False,17.0,-3.94,MA5>MA20>MA40>MA60>MA120,1465,850,17760,15215,False,False,False,False
473640,20251017,3.25,2.54,4.61,31256,28862,False,True,,-6.84,MA5>MA20>MA40>MA60>MA120,1417,364,31352,29441,False,False,False,False
473640,20251223,2.5,3.96,3.41,36725,32484,False,True,,-8.44,MA5>MA20>MA40>MA60>MA120,1627,868,35793,32923,False,False,False,False
473640,20260112,2.04,1.52,3.83,36187,33091,True,False,1.0,2.99,MA5>MA20>MA40>MA60>MA120,1692,409,36038,33288,False,False,False,False
474800,20260105,2.25,1.01,3.79,12442,11582,True,False,1.0,0.49,MA20>MA40>MA5>MA60>MA120,543,105,12501,11614,False,False,False,False
475300,20251024,2.56,-0.47,2.99,13095,11200,False,True,,-8.61,MA5>MA20>MA40>MA60>MA120,580,405,12475,11595,False,False,False,False
475300,20260128,3.29,4.74,11.87,17385,12350,True,False,2.0,3.25,MA5>MA20>MA40>MA60>MA120,2320,670,16500,13365,False,False,False,False
475310,20260128,3.51,4.6,5.59,25485,19402,True,False,2.0,-1.66,MA5>MA20>MA40>MA60>MA120,2185,1165,23845,20365,False,False,False,False
487750,20260128,3.04,4.16,5.86,20815,16175,True,False,9.0,-5.74,MA5>MA20>MA40>MA60>MA120,1750,850,19650,17190,False,False,False,False
488080,20260105,8.14,14.85,10.73,28635,15638,True,False,16.0,-3.59,MA5>MA20>MA40>MA60>MA120,4675,2550,25200,16930,False,False,False,False
494310,20260105,7.64,13.61,8.94,46315,26210,True,False,16.0,-4.78,MA5>MA20>MA40>MA60>MA120,7020,4040,40780,28145,False,False,False,False
494670,20251022,2.36,6.8,4.84,33010,24908,False,False,,-8.3,MA5>MA20>MA40>MA60>MA120,2800,1517,30625,26673,False,False,False,False
494840,20260105,2.8,0.08,3.31,13262,12566,True,False,1.0,2.05,MA5>MA20>MA40>MA60>MA120,449,124,13363,12535,False,False,False,False
494840,20260112,2.99,0.4,5.02,15138,13272,True,False,5.0,2.33,MA5>MA20>MA40>MA60>MA120,743,314,14700,13588,False,False,False,False
494890,20260105,2.54,2.63,3.84,19823,17038,True,False,7.0,-0.4,MA5>MA20>MA40>MA60>MA120,1158,494,19269,17283,False,False,False,False
495040,20260105,2.41,2.44,3.13,19538,17106,True,False,3.0,-0.89,MA5>MA20>MA40>MA60>MA120,993,459,19054,17348,False,False,False,False
495060,20260107,2.38,1.77,2.49,18870,16670,True,False,7.0,-1.41,MA5>MA20>MA40>MA60>MA120,680,530,18220,17190,False,False,False,False
495750,20260105,2.49,2.06,3.18,19695,17306,True,False,3.0,-0.54,MA5>MA20>MA40>MA60>MA120,889,480,19119,17541,False,False,False,False
496770,20260106,2.35,3.33,4.57,21025,17332,True,False,4.0,1.3,MA5>MA20>MA60>MA40>MA120,1325,655,19975,17930,False,False,False,False
499790,20251118,2.27,9.83,10.65,60800,39625,False,False,,-1.11,MA60>MA40>MA120>MA5>MA20,6150,3750,52600,44650,False,False,False,False
499790,20260205,2.9,2.41,10.14,72800,51350,False,True,,-11.09,MA5>MA120>MA20>MA60>MA40,6300,3600,64400,61300,True,True,False,False
500069,20251229,2.09,2.05,5.16,80510,71178,True,False,2.0,1.73,MA5>MA20>MA40>MA60>MA120,4625,1220,79335,72495,False,False,False,False
500069,20260128,2.66,6.9,3.57,144455,103480,True,False,13.0,-12.46,MA5>MA20>MA40>MA60>MA120,12450,8480,130635,107685,False,False,False,False
500071,20251201,2.45,9.1,3.42,47205,37925,False,True,,-13.3,MA20>MA5>MA40>MA60>MA120,3150,1855,44505,38695,False,False,False,False
500071,20260126,3.68,9.07,22.63,62455,35048,True,False,2.0,15.02,MA5>MA20>MA40>MA60>MA120,13105,3130,57835,40200,False,False,False,False
500071,20260128,2.7,5.11,14.99,80885,46890,False,False,,-12.09,MA5>MA20>MA40>MA60>MA120,12820,5155,71275,52805,False,False,False,False
500071,20260129,5.79,14.99,5.87,89440,53575,False,True,,-25.79,MA5>MA20>MA40>MA60>MA120,10950,7610,77610,62690,True,True,False,False
500094,20251121,3.21,4.12,4.17,16845,15708,True,False,1.0,2.22,MA5>MA20>MA40>MA60>MA120,765,170,17025,15725,False,False,False,False
500094,20260107,5.96,-4.38,6.24,16875,15702,True,False,1.0,0.26,MA20>MA5>MA40>MA60>MA120,1055,155,17440,15415,False,False,False,False
500020,20260106,2.53,0.57,2.68,57235,56178,True,False,1.0,0.94,MA5>MA20>MA40>MA60>MA120,1575,45,58585,55540,False,False,False,False
500050,20251027,2.56,0.98,2.69,44580,43668,True,False,1.0,0.77,MA5>MA20>MA40>MA60>MA120,1215,75,45565,43355,False,False,False,False
500050,20251111,2.05,0.87,2.3,46370,44400,True,False,1.0,0.64,MA5>MA20>MA40>MA60>MA120,1130,370,46465,44335,False,False,False,False
500029,20251125,5.89,2.33,6.07,23600,21622,True,False,1.0,-0.65,MA5>MA20>MA40>MA60>MA120,1425,340,24100,21605,False,False,False,False
500029,20260128,2.11,3.23,7.24,141190,87898,False,True,,-61.3,MA5>MA20>MA40>MA60>MA120,10375,12535,115995,100195,True,False,False,False
500037,20251017,6.92,1.07,7.04,82220,74408,True,False,1.0,-6.28,MA5>MA20>MA40>MA60>MA120,5585,1320,84105,75780,False,False,False,False
500037,20260128,2.51,0.01,5.16,123575,105582,True,False,1.0,10.4,MA5>MA20>MA40>MA60>MA120,6915,3270,119225,108730,False,False,False,False
500037,20260129,8.21,5.16,12.91,147600,104095,False,True,,-31.95,MA5>MA20>MA40>MA60>MA120,17890,7380,138310,108660,False,False,False,False
520054,20260128,2.17,6.98,3.27,150115,102245,True,False,14.0,-10.71,MA5>MA20>MA40>MA60>MA120,12960,10330,132015,108260,False,False,False,False
520056,20251020,2.22,1.12,5.06,41850,31890,True,False,11.0,1.61,MA5>MA20>MA40>MA60>MA120,2400,1965,37455,33945,False,False,False,False
520056,20260126,3.82,8.9,19.34,60630,35202,True,False,2.0,15.06,MA5>MA20>MA40>MA60>MA120,11665,3205,55905,39450,False,False,False,False
520056,20260128,2.33,8.25,14.91,81025,46378,False,False,,-11.8,MA5>MA20>MA40>MA60>MA120,12785,5275,70830,52480,False,False,False,False
520056,20260129,4.92,14.91,7.12,89840,52458,False,True,,-25.14,MA5>MA20>MA40>MA60>MA120,11845,7515,77740,62275,True,False,False,False
520075,20251222,3.79,-1.09,4.62,34525,33285,True,False,1.0,4.62,MA5>MA60>MA40>MA20>MA120,1610,40,35740,32820,False,False,False,False
520075,20260107,2.52,1.81,2.61,39735,37910,True,False,1.0,0.2,MA5>MA20>MA60>MA40>MA120,1300,285,40145,37855,False,False,False,False
520075,20260112,4.81,-3.12,8.19,43190,36502,True,False,1.0,4.55,MA5>MA20>MA40>MA60>MA120,3925,895,43285,36770,False,False,False,False
520075,20260115,5.91,1.16,6.98,44965,42020,True,False,1.0,0.63,MA5>MA20>MA40>MA60>MA120,3110,235,46920,41310,False,False,False,False
520081,20251120,9.55,0.43,10.78,57285,50160,True,False,3.0,-8.58,MA20>MA5>MA40>MA60>MA120,6460,865,60715,48650,False,False,False,False
520081,20251222,4.03,2.35,5.45,55425,50422,True,False,2.0,-0.02,MA20>MA40>MA60>MA5>MA120,3295,670,56035,50190,False,False,False,False
520087,20251223,2.9,3.61,4.75,45500,39028,False,True,,-12.21,MA5>MA20>MA60>MA40>MA120,2925,1060,44475,39415,False,False,False,False
520009,20251023,6.01,3.79,7.57,6375,5310,True,False,2.0,2.96,MA60>MA120>MA40>MA20>MA5,580,180,6360,5370,False,False,False,False
530104,20260105,4.27,5.87,7.74,100270,73635,True,False,8.0,0.03,MA5>MA20>MA40>MA60>MA120,10770,4605,94395,75920,False,False,False,False
530106,20260126,3.68,8.73,22.89,61985,34385,True,False,2.0,15.23,MA5>MA20>MA40>MA60>MA120,13160,3160,57285,39450,False,False,False,False
530106,20260128,2.53,5.41,14.56,80765,46330,False,False,,-12.31,MA5>MA20>MA40>MA60>MA120,12690,5320,70685,52535,False,False,False,False
530106,20260129,5.55,14.56,6.71,88830,52875,False,True,,-25.65,MA5>MA20>MA40>MA60>MA120,11250,7485,77235,64485,True,False,False,False
530107,20260202,4.64,4.81,12.99,2441,1622,False,True,,-16.38,MA120>MA60>MA40>MA20>MA5,299,152,2222,1861,True,True,False,False
530111,20260121,10.14,5.85,23.73,2750,1882,True,False,1.0,18.83,MA60>MA40>MA120>MA20>MA5,535,90,2775,2065,False,False,False,False
530111,20260122,9.31,23.73,18.25,4005,1998,False,True,,-33.39,MA60>MA120>MA40>MA5>MA20,785,360,3535,2300,True,False,False,False
530134,20260107,5.96,-3.93,6.33,17360,15702,True,False,1.0,0.09,MA20>MA5>MA40>MA60>MA120,1065,270,17570,16005,False,False,False,False
530134,20260202,3.78,-0.12,9.56,16130,11415,False,True,,-27.78,MA60>MA40>MA120>MA20>MA5,1750,785,14825,12250,True,False,False,False
530136,20251210,7.97,12.14,9.25,18310,15505,True,False,1.0,-1.99,MA120>MA60>MA40>MA20>MA5,1870,445,18755,15475,False,False,False,False
530136,20251212,11.5,0.68,11.93,20675,16375,True,False,1.0,1.44,MA120>MA60>MA40>MA20>MA5,2840,715,21350,15890,False,False,False,False
530031,20251023,6.31,3.94,8.66,1252,1016,True,False,2.0,3.73,MA60>MA120>MA40>MA20>MA5,126,38,1243,1031,False,False,False,False
530055,20260121,2.83,1.45,7.08,157310,132628,True,False,3.0,-0.15,MA5>MA20>MA40>MA60>MA120,12225,3245,154210,136380,False,False,False,False
530055,20260128,3.62,0.5,6.4,182390,154492,True,False,1.0,10.16,MA5>MA20>MA40>MA60>MA120,13205,4590,178890,158665,False,False,False,False
530055,20260129,9.58,6.4,12.75,202650,156352,False,True,,-34.35,MA5>MA20>MA40>MA60>MA120,26785,7250,203780,159750,False,False,False,False
530061,20251113,8.24,1.71,11.84,43600,37000,True,False,1.0,-3.43,MA5>MA20>MA40>MA60>MA120,4890,800,45135,37490,False,False,False,False
530061,20251212,3.55,1.37,6.14,67745,54705,True,False,6.0,-4.39,MA5>MA20>MA40>MA60>MA120,3530,2675,62675,57375,False,False,False,False
530061,20260126,11.86,10.8,16.66,160845,113085,True,False,1.0,-3.15,MA5>MA20>MA40>MA60>MA120,27790,6975,161745,112805,False,False,False,False
550062,20251223,2.43,3.99,3.22,89280,79135,True,False,13.0,-6.34,MA5>MA20>MA40>MA60>MA120,4490,1810,87680,79360,False,False,False,False
550062,20260129,8.77,7.3,12.06,133550,103045,False,True,,-34.05,MA5>MA20>MA40>MA60>MA120,17950,4440,134410,103780,False,False,False,False
550064,20251210,9.87,-0.41,11.71,60530,55185,True,False,1.0,2.09,MA5>MA20>MA40>MA60>MA120,7080,180,65985,53295,False,False,False,False
550064,20251212,3.88,1.75,5.77,77100,64470,True,False,6.0,-4.69,MA5>MA20>MA40>MA60>MA120,4230,2440,73255,66545,False,False,False,False
550064,20251222,4.47,-1.13,8.17,86365,70275,True,False,2.0,4.14,MA5>MA20>MA40>MA60>MA120,6990,2980,83740,72525,False,False,False,False
550064,20251224,6.44,1.94,7.24,90460,77828,True,False,1.0,4.23,MA5>MA20>MA40>MA60>MA120,6975,2145,90435,77250,False,False,False,False
550064,20251226,3.5,7.24,9.11,100815,83288,True,False,1.0,7.6,MA5>MA20>MA40>MA60>MA120,8695,2085,98415,86015,False,False,False,False
550064,20260123,6.42,-2.04,10.96,175075,121058,True,False,1.0,16.38,MA5>MA20>MA40>MA60>MA120,23905,9080,165995,125790,False,False,False,False
550064,20260126,11.84,10.96,16.98,192940,133962,True,False,1.0,-3.13,MA5>MA20>MA40>MA60>MA120,33065,8890,192450,134735,False,False,False,False
550064,20260128,4.03,3.45,6.8,270725,164065,False,True,,-62.62,MA5>MA20>MA40>MA60>MA120,25830,23865,226675,183295,False,False,False,False
550089,20251016,3.89,5.62,5.15,40875,36038,True,False,1.0,0.18,MA5>MA20>MA40>MA60>MA120,2715,750,40860,36105,False,False,False,False
550089,20260128,5.97,2.58,6.48,78280,71255,True,False,1.0,0.89,MA5>MA20>MA40>MA60>MA120,5800,935,80890,70505,False,False,False,False
550091,20251208,2.05,2.55,4.45,28975,25075,True,False,12.0,-2.71,MA60>MA120>MA40>MA20>MA5,1650,655,28205,25790,False,False,False,False
550091,20260105,2.14,2.54,4.61,31410,28402,True,False,1.0,1.56,MA5>MA120>MA60>MA20>MA40,1625,370,31210,29060,False,False,False,False
550092,20260115,4.53,-3.15,6.74,213145,168970,True,False,3.0,-5.97,MA5>MA20>MA120>MA60>MA40,12020,9945,196945,182005,True,True,False,False
570059,20251223,2.88,3.55,3.66,116955,102112,False,True,,-9.42,MA5>MA20>MA40>MA60>MA120,6155,2770,114115,102905,False,False,False,False
570059,20260112,3.14,2.4,5.34,113660,105045,True,False,1.0,2.8,MA5>MA20>MA40>MA60>MA120,5770,1115,114815,105690,False,False,False,False
570059,20260121,3.3,2.07,6.71,135235,113568,True,False,3.0,-1.46,MA5>MA20>MA40>MA60>MA120,10385,3095,132240,116335,False,False,False,False
570059,20260128,2.39,0.52,5.05,150130,131845,True,False,1.0,10.32,MA5>MA20>MA40>MA60>MA120,8220,2930,147105,134480,False,False,False,False
570059,20260129,9.96,5.05,12.49,162470,129710,False,True,,-32.98,MA5>MA20>MA40>MA60>MA120,21650,4615,166800,130650,False,False,False,False
570061,20251113,8.22,2.43,10.19,63870,56198,True,False,1.0,-4.16,MA5>MA20>MA40>MA60>MA120,6395,995,66785,56000,False,False,False,False
570061,20251212,3.76,1.39,6.23,100480,82248,True,False,6.0,-4.08,MA5>MA20>MA40>MA60>MA120,5505,3575,94080,88380,False,False,False,False
570061,20251222,6.08,-2.09,9.87,110755,89265,True,False,2.0,4.0,MA5>MA20>MA40>MA60>MA120,9970,3860,108080,92055,False,False,False,False
570061,20260129,6.33,5.52,10.31,361555,232680,False,True,,-15.27,MA5>MA20>MA40>MA60>MA120,29210,27190,303685,260225,False,False,False,False
570069,20251127,3.84,-0.42,8.51,42525,35562,True,False,2.0,3.8,MA40>MA20>MA5>MA60>MA120,3525,970,41820,36530,False,False,False,False
570069,20251223,5.56,14.93,10.3,86610,58288,True,False,1.0,14.36,MA5>MA20>MA40>MA60>MA120,10775,4935,79385,62685,False,False,False,False
570081,20260126,3.67,8.81,23.46,62260,35035,True,False,2.0,16.3,MA5>MA20>MA40>MA60>MA120,13300,2970,57955,40170,False,False,False,False
570103,20251105,2.27,2.87,2.44,6220,5428,True,False,9.0,-2.13,MA120>MA60>MA40>MA20>MA5,295,160,6030,5455,False,False,False,False
570103,20251107,2.84,-1.19,3.36,6045,5612,True,False,5.0,-3.02,MA120>MA60>MA40>MA20>MA5,255,70,6065,5600,False,False,False,False
570116,20251023,6.44,4.27,8.88,21875,17845,True,False,2.0,4.11,MA60>MA120>MA40>MA20>MA5,2200,650,21795,18075,False,False,False,False
570116,20251223,2.63,4.67,2.71,20200,18795,True,False,1.0,-0.13,MA120>MA60>MA40>MA20>MA5,740,255,20160,18705,False,False,False,False
580016,20251027,2.26,1.49,2.75,21860,21122,True,False,1.0,0.96,MA5>MA20>MA40>MA60>MA120,625,95,22155,21010,False,False,False,False
580021,20251118,3.22,0.5,3.43,12520,11738,True,False,6.0,-3.85,MA60>MA40>MA20>MA120>MA5,425,145,12520,11760,False,False,False,False
580021,20251210,3.74,6.59,4.6,12325,11125,True,False,2.0,-0.99,MA60>MA120>MA40>MA20>MA5,700,195,12370,11100,False,False,False,False
580021,20251212,5.81,0.33,6.06,13085,11522,True,False,1.0,0.19,MA60>MA120>MA40>MA5>MA20,955,275,13230,11395,False,False,False,False
580021,20260112,4.35,4.89,6.43,17160,13820,False,True,,-8.06,MA5>MA20>MA120>MA60>MA40,990,780,16085,14405,False,False,False,False
580022,20260121,2.46,1.74,7.07,105625,88325,True,False,3.0,-0.27,MA5>MA20>MA40>MA60>MA120,8450,2295,103295,90995,False,False,False,False
580022,20260128,3.63,-0.02,6.98,122650,102878,True,False,1.0,10.57,MA5>MA20>MA40>MA60>MA120,9135,3195,119775,105690,False,False,False,False
580022,20260129,9.51,6.98,12.46,134190,103842,False,True,,-34.73,MA5>MA20>MA40>MA60>MA120,18175,4590,135695,105585,False,False,False,False
610012,20251223,2.72,3.71,3.66,89187,79004,True,False,11.0,-6.66,MA5>MA20>MA40>MA60>MA120,4632,1830,87782,79530,False,False,False,False
610012,20260121,2.89,1.52,6.39,103485,88132,True,False,2.0,-0.32,MA5>MA20>MA40>MA60>MA120,7495,2165,101540,90135,False,False,False,False
610012,20260128,3.31,0.81,6.79,118270,102115,True,False,1.0,11.01,MA5>MA20>MA40>MA60>MA120,9120,2000,117795,103815,False,False,False,False
610012,20260129,8.29,6.79,12.09,134205,103122,False,True,,-34.52,MA5>MA20>MA40>MA60>MA120,17785,4565,134365,104245,False,False,False,False
700017,20251103,4.28,0.81,6.28,40595,37442,True,False,1.0,2.85,MA5>MA20>MA40>MA60>MA120,2465,295,41435,37950,False,False,False,False
700017,20260126,9.16,4.18,29.41,53968,35110,True,False,1.0,15.23,MA5>MA20>MA40>MA60>MA120,13230,967,55922,38272,False,False,False,False
760011,20251022,3.18,1.25,9.74,16615,11232,True,False,5.0,1.8,MA5>MA20>MA60>MA40>MA120,1375,1010,14305,12370,False,False,False,False
760011,20260128,3.06,-0.13,12.84,20200,13268,False,False,,-14.71,MA5>MA60>MA40>MA20>MA120,2695,1025,18335,14445,True,False,False,False
760016,20251223,5.21,-0.31,9.24,139320,96050,True,False,11.0,-10.89,MA40>MA60>MA20>MA5>MA120,14100,7975,125175,104910,False,False,False,False
